<?xml version="1.0" encoding="UTF-8"?>

<configuration>
	<property name="LOGS" value="./logs" />



	<appender name="Console"
		class="ch.qos.logback.core.ConsoleAppender">
		<layout class="ch.qos.logback.classic.PatternLayout">

			<Pattern>%d{EEE hh:mm:ss dd/MM/yyyy} [%thread] [%5p] [%5F] - %m%n
			</Pattern>
		</layout>
	</appender>



	<appender name="RollingFile"
		class="ch.qos.logback.core.rolling.RollingFileAppender">
		<file>${LOGS}/activity.log</file>
		<encoder
			class="ch.qos.logback.classic.encoder.PatternLayoutEncoder">

			<Pattern>%d{EEE hh:mm:ss dd/MM/yyyy} [%thread] [%5p] [%5F] - %m%n
			</Pattern>
		</encoder>



		<rollingPolicy
			class="ch.qos.logback.core.rolling.TimeBasedRollingPolicy">
			<!-- rollover daily and when the file reaches 10 MegaBytes -->
			<fileNamePattern>${LOGS}/archived/activity-%d{yyyy-MM-dd}.%i.log
			</fileNamePattern>
			<timeBasedFileNamingAndTriggeringPolicy
				class="ch.qos.logback.core.rolling.SizeAndTimeBasedFNATP">
				<maxFileSize>10MB</maxFileSize>
			</timeBasedFileNamingAndTriggeringPolicy>
		</rollingPolicy>
	</appender>



	<!-- LOG everything at INFO level -->
	<root level="info">
		<appender-ref ref="RollingFile" />
		<appender-ref ref="Console" />
	</root>



	<!-- LOG "com.cognizant*" at TRACE level -->
	<logger name="com.cognizant" level="trace" additivity="false">
		<appender-ref ref="RollingFile" />
		<appender-ref ref="Console" />
	</logger>




</configuration>